INSERT INTO HW_RPT.USERS (ID, USERNAME, PASSWORD, FIRSTNAME, LASTNAME, EMAIL, ENABLED, LASTPASSWORDRESETDATE) VALUES (1, 'admin', '$2a$08$lDnHPz7eUkSi6ao14Twuau08mzhWrL4kyZGGU5xfiGALO/Vxd5DOi', 'admin', 'admin', 'admin@admin.com', 1, TO_DATE('01-01-2016', 'dd-MM-yyyy'));
INSERT INTO HW_RPT.USERS (ID, USERNAME, PASSWORD, FIRSTNAME, LASTNAME, EMAIL, ENABLED, LASTPASSWORDRESETDATE) VALUES (2, 'user', '$2a$08$UkVvwpULis18S19S5pZFn.YHPZt3oaqHZnDwqbCW9pft6uFtkXKDC', 'user', 'user', 'enabled@user.com', 1, TO_DATE('01-01-2016','dd-MM-yyyy'));
INSERT INTO HW_RPT.USERS (ID, USERNAME, PASSWORD, FIRSTNAME, LASTNAME, EMAIL, ENABLED, LASTPASSWORDRESETDATE) VALUES (3, 'disabled', '$2a$08$UkVvwpULis18S19S5pZFn.YHPZt3oaqHZnDwqbCW9pft6uFtkXKDC', 'user', 'user', 'disabled@user.com', 0, TO_DATE('01-01-2016','dd-MM-yyyy'));
INSERT INTO HW_RPT.USERS (ID, USERNAME, PASSWORD, FIRSTNAME, LASTNAME, EMAIL, ENABLED, LASTPASSWORDRESETDATE) VALUES (4, 'lrubio', '$2a$10$pe91nuJZ0sKvVre.m9YFduGtcHO4dWlnxXc97LGkhERXrS4vzuiXa', 'Luis', 'Rubio', 'lrubio@user.com', 1, TO_DATE('14-01-2020','dd-MM-yyyy'));
INSERT INTO HW_RPT.USERS (ID, USERNAME, PASSWORD, FIRSTNAME, LASTNAME, EMAIL, ENABLED, LASTPASSWORDRESETDATE) VALUES (5, 'bvillanueva', '$2a$10$/fFz9kthjCwCPO0ayViUgeyn8mu4VwN.4aVnfce5ZIvYeIjkvSPqS', 'Boris', 'Villanueva', 'bvillanueva@user.com', 1, TO_DATE('14-01-2020','dd-MM-yyyy'));
INSERT INTO HW_RPT.USERS (ID, USERNAME, PASSWORD, FIRSTNAME, LASTNAME, EMAIL, ENABLED, LASTPASSWORDRESETDATE) VALUES (6, 'jarevalo', '$2a$10$fhTvBii11pp2C1/ufIYHe.aeJsrdXRuokQG1EL3iBGn4pbK3Dy9ei', 'Jeiner', 'Arevalo', 'jarevalo@user.com', 1, TO_DATE('14-01-2020','dd-MM-yyyy'));
INSERT INTO HW_RPT.USERS (ID, USERNAME, PASSWORD, FIRSTNAME, LASTNAME, EMAIL, ENABLED, LASTPASSWORDRESETDATE) VALUES (7, 'jsanchez', '$2a$10$aTB177KTetPRObfJaEUE7eyLU.7mCpoYFcoLx./11oWmjH6aMheY.', 'Jose', 'Sanchez', 'jsanchez@user.com', 1, TO_DATE('14-01-2020','dd-MM-yyyy'));
INSERT INTO HW_RPT.USERS (ID, USERNAME, PASSWORD, FIRSTNAME, LASTNAME, EMAIL, ENABLED, LASTPASSWORDRESETDATE) VALUES (8, 'csayan', '$2a$10$ya1lfAvdTWQQIrKaSKQHqO3.K1Ip9Jz/bA/Hd5n3fBpdCC3XAWEuy', 'Carlos', 'Sayan', 'csayan@user.com', 1, TO_DATE('14-01-2020','dd-MM-yyyy'));

INSERT INTO HW_RPT.AUTHORITY (ID, NAME) VALUES (1, 'ROLE_USER');
INSERT INTO HW_RPT.AUTHORITY (ID, NAME) VALUES (2, 'ROLE_ADMIN');

INSERT INTO HW_RPT.USER_AUTHORITY (USER_ID, AUTHORITY_ID) VALUES (1, 1);
INSERT INTO HW_RPT.USER_AUTHORITY (USER_ID, AUTHORITY_ID) VALUES (1, 2);
INSERT INTO HW_RPT.USER_AUTHORITY (USER_ID, AUTHORITY_ID) VALUES (2, 1);
INSERT INTO HW_RPT.USER_AUTHORITY (USER_ID, AUTHORITY_ID) VALUES (3, 1);
INSERT INTO HW_RPT.USER_AUTHORITY (USER_ID, AUTHORITY_ID) VALUES (4, 1);
INSERT INTO HW_RPT.USER_AUTHORITY (USER_ID, AUTHORITY_ID) VALUES (5, 1);
INSERT INTO HW_RPT.USER_AUTHORITY (USER_ID, AUTHORITY_ID) VALUES (6, 1);
INSERT INTO HW_RPT.USER_AUTHORITY (USER_ID, AUTHORITY_ID) VALUES (7, 1);
INSERT INTO HW_RPT.USER_AUTHORITY (USER_ID, AUTHORITY_ID) VALUES (8, 1);